{
  "_kits": {
    "all": {
      "Name": "all",
      "Description": "For AimTrain",
      "RequiredPermission": "",
      "MaximumUses": 0,
      "RequiredAuth": 0,
      "Cooldown": 0,
      "Cost": 0,
      "IsHidden": true,
      "CopyPasteFile": "",
      "KitImage": "",
      "MainItems": [
        {
          "Shortname": "weapon.mod.small.scope",
          "Skin": 0,
          "Amount": 1,
          "Condition": 300.0,
          "MaxCondition": 300.0,
          "Ammo": 0,
          "Ammotype": null,
          "Position": 22,
          "Frequency": -1,
          "BlueprintShortname": null,
          "Contents": null
        },
        {
          "Shortname": "weapon.mod.holosight",
          "Skin": 0,
          "Amount": 1,
          "Condition": 300.0,
          "MaxCondition": 300.0,
          "Ammo": 0,
          "Ammotype": null,
          "Position": 20,
          "Frequency": -1,
          "BlueprintShortname": null,
          "Contents": null
        },
        {
          "Shortname": "rifle.l96",
          "Skin": 0,
          "Amount": 1,
          "Condition": 60.0,
          "MaxCondition": 60.0,
          "Ammo": 2,
          "Ammotype": "ammo.rifle",
          "Position": 1,
          "Frequency": -1,
          "BlueprintShortname": null,
          "Contents": []
        },
        {
          "Shortname": "lmg.m249",
          "Skin": 0,
          "Amount": 1,
          "Condition": 500.0,
          "MaxCondition": 500.0,
          "Ammo": 15,
          "Ammotype": "ammo.rifle",
          "Position": 0,
          "Frequency": -1,
          "BlueprintShortname": null,
          "Contents": []
        },
        {
          "Shortname": "rifle.bolt",
          "Skin": 0,
          "Amount": 1,
          "Condition": 100.0,
          "MaxCondition": 100.0,
          "Ammo": 2,
          "Ammotype": "ammo.rifle",
          "Position": 2,
          "Frequency": -1,
          "BlueprintShortname": null,
          "Contents": []
        },
        {
          "Shortname": "weapon.mod.8x.scope",
          "Skin": 0,
          "Amount": 1,
          "Condition": 300.0,
          "MaxCondition": 300.0,
          "Ammo": 0,
          "Ammotype": null,
          "Position": 18,
          "Frequency": -1,
          "BlueprintShortname": null,
          "Contents": null
        },
        {
          "Shortname": "rifle.m39",
          "Skin": 0,
          "Amount": 1,
          "Condition": 100.0,
          "MaxCondition": 100.0,
          "Ammo": 4,
          "Ammotype": "ammo.rifle",
          "Position": 3,
          "Frequency": -1,
          "BlueprintShortname": null,
          "Contents": []
        },
        {
          "Shortname": "pistol.m92",
          "Skin": 0,
          "Amount": 1,
          "Condition": 100.0,
          "MaxCondition": 100.0,
          "Ammo": 6,
          "Ammotype": "ammo.pistol",
          "Position": 9,
          "Frequency": -1,
          "BlueprintShortname": null,
          "Contents": []
        },
        {
          "Shortname": "rifle.semiauto",
          "Skin": 0,
          "Amount": 1,
          "Condition": 100.0,
          "MaxCondition": 100.0,
          "Ammo": 6,
          "Ammotype": "ammo.rifle",
          "Position": 4,
          "Frequency": -1,
          "BlueprintShortname": null,
          "Contents": []
        },
        {
          "Shortname": "weapon.mod.muzzleboost",
          "Skin": 0,
          "Amount": 1,
          "Condition": 100.0,
          "MaxCondition": 100.0,
          "Ammo": 0,
          "Ammotype": null,
          "Position": 21,
          "Frequency": -1,
          "BlueprintShortname": null,
          "Contents": null
        },
        {
          "Shortname": "smg.thompson",
          "Skin": 0,
          "Amount": 1,
          "Condition": 100.0,
          "MaxCondition": 100.0,
          "Ammo": 7,
          "Ammotype": "ammo.pistol",
          "Position": 6,
          "Frequency": -1,
          "BlueprintShortname": null,
          "Contents": []
        },
        {
          "Shortname": "weapon.mod.muzzlebrake",
          "Skin": 0,
          "Amount": 1,
          "Condition": 200.0,
          "MaxCondition": 200.0,
          "Ammo": 0,
          "Ammotype": null,
          "Position": 19,
          "Frequency": -1,
          "BlueprintShortname": null,
          "Contents": null
        },
        {
          "Shortname": "smg.2",
          "Skin": 0,
          "Amount": 1,
          "Condition": 100.0,
          "MaxCondition": 100.0,
          "Ammo": 8,
          "Ammotype": "ammo.pistol",
          "Position": 7,
          "Frequency": -1,
          "BlueprintShortname": null,
          "Contents": [
            {
              "Shortname": "weapon.mod.silencer",
              "Skin": 0,
              "Amount": 1,
              "Condition": 100.0,
              "MaxCondition": 100.0,
              "Ammo": 0,
              "Ammotype": null,
              "Position": 0,
              "Frequency": -1,
              "BlueprintShortname": null,
              "Contents": null
            },
            {
              "Shortname": "weapon.mod.simplesight",
              "Skin": 0,
              "Amount": 1,
              "Condition": 300.0,
              "MaxCondition": 300.0,
              "Ammo": 0,
              "Ammotype": null,
              "Position": 1,
              "Frequency": -1,
              "BlueprintShortname": null,
              "Contents": null
            }
          ]
        },
        {
          "Shortname": "pistol.python",
          "Skin": 0,
          "Amount": 1,
          "Condition": 100.0,
          "MaxCondition": 100.0,
          "Ammo": 6,
          "Ammotype": "ammo.pistol",
          "Position": 8,
          "Frequency": -1,
          "BlueprintShortname": null,
          "Contents": []
        },
        {
          "Shortname": "pistol.semiauto",
          "Skin": 0,
          "Amount": 1,
          "Condition": 100.0,
          "MaxCondition": 100.0,
          "Ammo": 4,
          "Ammotype": "ammo.pistol",
          "Position": 10,
          "Frequency": -1,
          "BlueprintShortname": null,
          "Contents": []
        },
        {
          "Shortname": "smg.mp5",
          "Skin": 0,
          "Amount": 1,
          "Condition": 100.0,
          "MaxCondition": 100.0,
          "Ammo": 8,
          "Ammotype": "ammo.pistol",
          "Position": 5,
          "Frequency": -1,
          "BlueprintShortname": null,
          "Contents": []
        },
        {
          "Shortname": "weapon.mod.silencer",
          "Skin": 0,
          "Amount": 1,
          "Condition": 100.0,
          "MaxCondition": 100.0,
          "Ammo": 0,
          "Ammotype": null,
          "Position": 23,
          "Frequency": -1,
          "BlueprintShortname": null,
          "Contents": null
        },
        {
          "Shortname": "pistol.revolver",
          "Skin": 0,
          "Amount": 1,
          "Condition": 100.0,
          "MaxCondition": 100.0,
          "Ammo": 4,
          "Ammotype": "ammo.pistol",
          "Position": 11,
          "Frequency": -1,
          "BlueprintShortname": null,
          "Contents": []
        },
        {
          "Shortname": "shotgun.spas12",
          "Skin": 0,
          "Amount": 1,
          "Condition": 100.0,
          "MaxCondition": 100.0,
          "Ammo": 4,
          "Ammotype": "ammo.shotgun",
          "Position": 12,
          "Frequency": -1,
          "BlueprintShortname": null,
          "Contents": []
        },
        {
          "Shortname": "weapon.mod.lasersight",
          "Skin": 0,
          "Amount": 1,
          "Condition": 300.0,
          "MaxCondition": 300.0,
          "Ammo": 0,
          "Ammotype": null,
          "Position": 17,
          "Frequency": -1,
          "BlueprintShortname": null,
          "Contents": null
        }
      ],
      "WearItems": [
        {
          "Shortname": "metal.facemask",
          "Skin": 0,
          "Amount": 1,
          "Condition": 320.0,
          "MaxCondition": 320.0,
          "Ammo": 0,
          "Ammotype": null,
          "Position": 0,
          "Frequency": -1,
          "BlueprintShortname": null,
          "Contents": null
        },
        {
          "Shortname": "pants",
          "Skin": 0,
          "Amount": 1,
          "Condition": 0.0,
          "MaxCondition": 0.0,
          "Ammo": 0,
          "Ammotype": null,
          "Position": 1,
          "Frequency": -1,
          "BlueprintShortname": null,
          "Contents": null
        },
        {
          "Shortname": "shoes.boots",
          "Skin": 0,
          "Amount": 1,
          "Condition": 0.0,
          "MaxCondition": 0.0,
          "Ammo": 0,
          "Ammotype": null,
          "Position": 2,
          "Frequency": -1,
          "BlueprintShortname": null,
          "Contents": null
        },
        {
          "Shortname": "roadsign.kilt",
          "Skin": 0,
          "Amount": 1,
          "Condition": 150.0,
          "MaxCondition": 150.0,
          "Ammo": 0,
          "Ammotype": null,
          "Position": 3,
          "Frequency": -1,
          "BlueprintShortname": null,
          "Contents": null
        },
        {
          "Shortname": "tactical.gloves",
          "Skin": 0,
          "Amount": 1,
          "Condition": 0.0,
          "MaxCondition": 0.0,
          "Ammo": 0,
          "Ammotype": null,
          "Position": 4,
          "Frequency": -1,
          "BlueprintShortname": null,
          "Contents": null
        },
        {
          "Shortname": "metal.plate.torso",
          "Skin": 0,
          "Amount": 1,
          "Condition": 360.0,
          "MaxCondition": 360.0,
          "Ammo": 0,
          "Ammotype": null,
          "Position": 5,
          "Frequency": -1,
          "BlueprintShortname": null,
          "Contents": null
        },
        {
          "Shortname": "hoodie",
          "Skin": 0,
          "Amount": 1,
          "Condition": 0.0,
          "MaxCondition": 0.0,
          "Ammo": 0,
          "Ammotype": null,
          "Position": 6,
          "Frequency": -1,
          "BlueprintShortname": null,
          "Contents": null
        }
      ],
      "BeltItems": [
        {
          "Shortname": "rifle.lr300",
          "Skin": 0,
          "Amount": 1,
          "Condition": 150.0,
          "MaxCondition": 150.0,
          "Ammo": 4,
          "Ammotype": "ammo.rifle",
          "Position": 0,
          "Frequency": -1,
          "BlueprintShortname": null,
          "Contents": []
        },
        {
          "Shortname": "rifle.ak",
          "Skin": 0,
          "Amount": 1,
          "Condition": 150.0,
          "MaxCondition": 150.0,
          "Ammo": 4,
          "Ammotype": "ammo.rifle",
          "Position": 1,
          "Frequency": -1,
          "BlueprintShortname": null,
          "Contents": []
        },
        {
          "Shortname": "snowballgun",
          "Skin": 0,
          "Amount": 1,
          "Condition": 200.0,
          "MaxCondition": 200.0,
          "Ammo": 50,
          "Ammotype": "ammo.snowballgun",
          "Position": 5,
          "Frequency": -1,
          "BlueprintShortname": null,
          "Contents": null
        }
      ]
    },
    "bot": {
      "Name": "bot",
      "Description": "bot kit for Aim train",
      "RequiredPermission": "",
      "MaximumUses": 0,
      "RequiredAuth": 0,
      "Cooldown": 0,
      "Cost": 0,
      "IsHidden": true,
      "CopyPasteFile": "",
      "KitImage": "",
      "MainItems": [],
      "WearItems": [
        {
          "Shortname": "attire.bunnyears",
          "Skin": 0,
          "Amount": 1,
          "Condition": 0.0,
          "MaxCondition": 0.0,
          "Ammo": 0,
          "Ammotype": null,
          "Position": 0,
          "Frequency": -1,
          "BlueprintShortname": null,
          "Contents": null
        },
        {
          "Shortname": "attire.bunny.onesie",
          "Skin": 0,
          "Amount": 1,
          "Condition": 0.0,
          "MaxCondition": 0.0,
          "Ammo": 0,
          "Ammotype": null,
          "Position": 1,
          "Frequency": -1,
          "BlueprintShortname": null,
          "Contents": null
        }
      ],
      "BeltItems": [
        {
          "Shortname": "gun.water",
          "Skin": 0,
          "Amount": 1,
          "Condition": 50.0,
          "MaxCondition": 50.0,
          "Ammo": 0,
          "Ammotype": null,
          "Position": 0,
          "Frequency": -1,
          "BlueprintShortname": null,
          "Contents": [
            {
              "Shortname": "water",
              "Skin": 0,
              "Amount": 500,
              "Condition": 0.0,
              "MaxCondition": 0.0,
              "Ammo": 0,
              "Ammotype": null,
              "Position": 0,
              "Frequency": -1,
              "BlueprintShortname": null,
              "Contents": null
            }
          ]
        }
      ]
    }
  }
}